epoch,stock,avg_loss,model_name,arch,n_qubits,n_qlayers,lr,lookback,batch_size,n_epoch,seed
1,NVDA,0.19567114398592994,QLSTM,4.4,8,3,0.030000,20,16,50,2
2,NVDA,0.111490955664998,QLSTM,4.4,8,3,0.029420,20,16,50,2
1,DIS,0.1504462075730165,QLSTM,4.4,8,3,0.028840,20,16,50,2
2,DIS,0.035314587432713734,QLSTM,4.4,8,3,0.028260,20,16,50,2
1,KO,0.028843596067634366,QLSTM,4.4,8,3,0.027680,20,16,50,2
2,KO,0.015166863377782561,QLSTM,4.4,8,3,0.027100,20,16,50,2
1,MO,0.06654998482692809,QLSTM,4.4,8,3,0.026520,20,16,50,2
2,MO,0.023364164600414888,QLSTM,4.4,8,3,0.025940,20,16,50,2
